added	comment_id	note_id	profile_id	project	url	word_count	character_count
2014-06-02T18:51:07.909756Z	5	2	2	MicrobeResist	/discussion/play-up-your-labs-leadership-in-open-science/3#note-2	64	307
2014-06-11T00:01:24.353372Z	14	4	2	MicrobeResist	/discussion/offline-feedback-for-the-proposal-from-two-non-ecologists/9#note-4	43	243
2014-06-12T22:16:59.949937Z	22	5	2	MicrobeResist	/discussion/methods-considerations/11#note-5	60	343
2014-06-12T22:44:40.565046Z	22	6	14	MicrobeResist	/discussion/methods-considerations/11#note-6	36	210
2014-06-28T04:42:29.357330Z	5	7	2	MicrobeResist	/discussion/play-up-your-labs-leadership-in-open-science/3#note-7	25	135
2014-09-16T20:54:44.139566Z	21	8	2	MicrobeResist	/discussion/concerns-with-projected-outcomes/10#note-8	78	441
2014-09-16T21:06:10.883602Z	20	9	2	MicrobeResist	/discussion/concerns-with-projected-outcomes/10#note-9	47	254
2015-01-16T20:40:50.876607Z	3	12	17	meta	/discussion/add-your-thinklab-feedback-here-in-meta/2#note-12	19	95
2015-01-19T01:00:04.382328Z	3	13	2	meta	/discussion/add-your-thinklab-feedback-here-in-meta/2#note-13	53	252
2015-01-19T01:47:22.814503Z	3	14	17	meta	/discussion/add-your-thinklab-feedback-here-in-meta/2#note-14	31	182
2015-01-23T18:11:30.784423Z	37	16	2	meta	/discussion/add-your-thinklab-feedback-here-in-meta/2#note-16	47	233
2015-01-23T18:13:34.531441Z	39	17	2	meta	/discussion/add-your-thinklab-feedback-here-in-meta/2#note-17	17	80
2015-01-23T18:23:27.088219Z	36	18	2	meta	/discussion/add-your-thinklab-feedback-here-in-meta/2#note-18	41	207
2015-01-23T18:26:25.163261Z	3	19	2	meta	/discussion/add-your-thinklab-feedback-here-in-meta/2#note-19	25	127
2015-01-23T19:23:37.809137Z	37	20	23	meta	/discussion/add-your-thinklab-feedback-here-in-meta/2#note-20	50	276
2015-01-23T19:37:23.827996Z	39	22	23	meta	/discussion/add-your-thinklab-feedback-here-in-meta/2#note-22	16	86
2015-01-26T14:19:02.943536Z	46	27	17	meta	/discussion/discussion-ranking-and-visibility/26#note-27	54	295
2015-01-26T17:57:30.714742Z	48	28	2	meta	/discussion/file-hosting-advice/27#note-28	10	45
2015-01-26T17:58:32.581170Z	46	29	2	meta	/discussion/discussion-ranking-and-visibility/26#note-29	2	15
2015-02-17T03:04:44.103235Z	36	34	17	meta	/discussion/add-your-thinklab-feedback-here-in-meta/2#note-34	88	537
2015-02-17T06:04:54.324420Z	61	35	17	meta	/discussion/markdown-feedback-bugs-and-suggestions/32#note-35	28	183
2015-02-17T06:09:50.271136Z	61	36	17	meta	/discussion/markdown-feedback-bugs-and-suggestions/32#note-36	25	152
2015-02-17T07:30:28.156630Z	61	37	2	meta	/discussion/markdown-feedback-bugs-and-suggestions/32#note-37	18	93
2015-02-17T18:43:03.681135Z	62	39	2	meta	/discussion/discussion-ranking-and-visibility/26#note-39	1	7
2015-02-25T19:33:32.008750Z	68	51	2	meta	/discussion/add-your-thinklab-feedback-here-in-meta/2#note-51	13	78
2015-02-25T20:08:30.122877Z	67	52	2	meta	/discussion/web-analytics-platform/33#note-52	20	97
2015-02-27T20:43:33.768252Z	36	53	17	meta	/discussion/add-your-thinklab-feedback-here-in-meta/2#note-53	54	350
2015-03-01T00:18:13.417595Z	36	55	2	meta	/discussion/add-your-thinklab-feedback-here-in-meta/2#note-55	10	52
2015-03-17T19:34:51.341688Z	80	56	2	meta	/discussion/add-your-thinklab-feedback-here-in-meta/2#note-56	14	77
2015-03-31T23:27:50.330166Z	36	70	2	meta	/discussion/add-your-thinklab-feedback-here-in-meta/2#note-70	26	153
2015-04-02T17:23:54.526629Z	36	72	17	meta	/discussion/add-your-thinklab-feedback-here-in-meta/2#note-72	18	106
2015-04-02T20:33:06.259678Z	36	74	2	meta	/discussion/add-your-thinklab-feedback-here-in-meta/2#note-74	18	103
2015-04-05T00:56:25.045107Z	80	80	2	meta	/discussion/add-your-thinklab-feedback-here-in-meta/2#note-80	8	53
2015-04-13T23:34:50.357364Z	134	86	2	meta	/discussion/comment-specific-options-and-features/54#note-86	10	39
2015-04-29T09:12:30.394069Z	159	89	23	meta	/discussion/file-hosting-advice/27#note-89	38	227
2015-04-29T17:27:03.035535Z	154	90	23	meta	/discussion/thinklab-editor-and-markdown-suggestions/59#note-90	22	97
2015-04-30T19:59:16.797135Z	171	91	17	meta	/discussion/thinklab-editor-and-markdown-suggestions/59#note-91	10	74
2015-05-01T18:21:07.596509Z	175	92	23	meta	/discussion/comments-notes-interface-and-behaviour-suggestions/60#note-92	17	94
2015-05-01T18:21:28.292728Z	180	93	23	meta	/discussion/comments-notes-interface-and-behaviour-suggestions/60#note-93	6	32
2015-05-01T18:22:29.041190Z	180	94	23	meta	/discussion/comments-notes-interface-and-behaviour-suggestions/60#note-94	19	96
2015-05-01T18:29:37.729692Z	180	95	55	meta	/discussion/comments-notes-interface-and-behaviour-suggestions/60#note-95	104	570
2015-05-03T21:02:08.323682Z	175	101	23	meta	/discussion/comments-notes-interface-and-behaviour-suggestions/60#note-101	10	49
2015-05-03T21:02:25.624938Z	172	102	23	meta	/discussion/comments-notes-interface-and-behaviour-suggestions/60#note-102	11	66
2015-05-05T00:33:57.780686Z	174	104	17	meta	/discussion/file-hosting-advice/27#note-104	25	133
2015-05-05T22:24:30.228792Z	197	105	5	meta	/discussion/thinklab-as-a-vetting-system-for-traditional-grants/58#note-105	21	104
2015-05-06T06:05:28.379973Z	166	106	2	meta	/discussion/thinklab-as-a-vetting-system-for-traditional-grants/58#note-106	47	259
2015-05-06T06:18:20.075946Z	197	107	2	meta	/discussion/thinklab-as-a-vetting-system-for-traditional-grants/58#note-107	44	221
2015-05-06T06:24:00.848195Z	198	108	2	meta	/discussion/thinklab-as-a-vetting-system-for-traditional-grants/58#note-108	4	20
2015-05-06T16:52:38.438879Z	174	109	23	meta	/discussion/file-hosting-advice/27#note-109	9	41
2015-05-07T05:30:00.948198Z	170	110	2	meta	/discussion/thinklab-editor-and-markdown-suggestions/59#note-110	8	43
2015-05-07T05:33:13.030816Z	202	111	2	meta	/discussion/thinklab-editor-and-markdown-suggestions/59#note-111	9	44
2015-05-08T00:14:16.423440Z	204	112	2	meta	/discussion/thinklab-editor-and-markdown-suggestions/59#note-112	6	38
2015-05-16T23:17:13.178128Z	61	118	2	meta	/discussion/markdown-feedback-bugs-and-suggestions/32#note-118	27	193
2015-05-16T23:20:00.844640Z	61	119	17	meta	/discussion/markdown-feedback-bugs-and-suggestions/32#note-119	8	41
2015-05-17T00:05:26.216156Z	61	120	2	meta	/discussion/markdown-feedback-bugs-and-suggestions/32#note-120	49	236
2015-05-17T00:14:53.658307Z	61	121	17	meta	/discussion/markdown-feedback-bugs-and-suggestions/32#note-121	32	187
2015-05-17T04:16:19.934009Z	61	122	2	meta	/discussion/markdown-feedback-bugs-and-suggestions/32#note-122	36	192
2015-06-16T00:11:53.936446Z	264	128	2	meta	/discussion/we-now-have-a-figures-feature/79#note-128	39	210
2015-06-16T00:36:04.060937Z	264	129	17	meta	/discussion/we-now-have-a-figures-feature/79#note-129	6	32
2015-07-08T05:55:59.269463Z	312	137	2	meta	/discussion/we-now-have-a-figures-feature/79#note-137	3	17
2015-07-08T05:58:15.776273Z	311	138	2	meta	/discussion/citation-metadata-refreshing/86#note-138	6	35
2015-07-28T22:06:25.331027Z	157	139	17	meta	/discussion/thinklab-editor-and-markdown-suggestions/59#note-139	18	104
2015-08-11T05:25:19.312465Z	383	144	125	meta	/discussion/impact-points-and-leaderboard-demotivating/98#note-144	57	315
2015-08-11T05:25:51.989868Z	385	145	17	meta	/discussion/impact-points-and-leaderboard-demotivating/98#note-145	20	115
2015-08-11T05:37:27.887115Z	385	146	125	meta	/discussion/impact-points-and-leaderboard-demotivating/98#note-146	59	304
2015-08-11T06:20:44.154390Z	385	148	17	meta	/discussion/impact-points-and-leaderboard-demotivating/98#note-148	39	227
2015-08-11T16:32:43.238267Z	383	149	2	meta	/discussion/impact-points-and-leaderboard-demotivating/98#note-149	52	276
2015-08-17T00:33:55.033618Z	394	158	17	meta	/discussion/optional-transparency-to-enable-rating-analytics/100#note-158	12	65
2015-12-16T05:57:08.350034Z	560	201	2	meta	/discussion/heading-style-not-applied-to-inline-code-or-math/114#note-201	1	5
2015-12-16T07:02:22.525180Z	106	202	2	meta	/discussion/contribution-valuation-options/49#note-202	19	95
2016-04-05T17:36:07.620559Z	1194	232	23	meta	/discussion/mathjax-block-markers/189#note-232	10	49
2016-04-08T00:25:17.270855Z	1227	234	23	meta	/discussion/automatically-insert-images/196#note-234	4	34
2016-04-08T17:29:46.313762Z	1229	235	23	meta	/discussion/automatically-insert-images/196#note-235	2	17
2016-04-08T20:14:28.607740Z	1232	236	17	meta	/discussion/discussion-summary-statistics-for-illustrating-project-impact/191#note-236	43	234
2016-04-11T22:29:06.139159Z	1226	237	17	meta	/discussion/discussion-summary-statistics-for-illustrating-project-impact/191#note-237	47	271
2016-04-11T23:55:36.373267Z	1226	238	2	meta	/discussion/discussion-summary-statistics-for-illustrating-project-impact/191#note-238	13	69
2016-04-12T16:08:15.128849Z	1251	239	23	meta	/discussion/support-and-enforce-ssl-connections-to-thinklab/197#note-239	27	167
2016-04-15T00:13:55.076712Z	1255	243	23	meta	/discussion/support-and-enforce-ssl-connections-to-thinklab/197#note-243	33	186
2016-04-18T20:40:37.034106Z	1262	249	17	meta	/discussion/support-and-enforce-ssl-connections-to-thinklab/197#note-249	18	125
2016-04-18T21:24:37.250137Z	1262	250	2	meta	/discussion/support-and-enforce-ssl-connections-to-thinklab/197#note-250	10	45
2016-04-18T21:26:24.061404Z	1262	251	17	meta	/discussion/support-and-enforce-ssl-connections-to-thinklab/197#note-251	14	63
2016-04-18T21:38:29.176150Z	1262	252	2	meta	/discussion/support-and-enforce-ssl-connections-to-thinklab/197#note-252	28	156
2016-05-03T18:12:45.810780Z	1292	257	23	meta	/discussion/share-single-posts/209#note-257	50	258
2016-05-04T20:19:41.331847Z	1244	258	17	meta	/discussion/discussion-summary-statistics-for-illustrating-project-impact/191#note-258	28	157
2016-08-09T15:47:35.700491Z	1343	268	2	meta	/discussion/discussion-summary-statistics-for-illustrating-project-impact/191#note-268	29	146
2016-08-09T18:00:06.040511Z	1343	269	17	meta	/discussion/discussion-summary-statistics-for-illustrating-project-impact/191#note-269	82	505
2016-08-10T19:35:31.676226Z	1343	270	17	meta	/discussion/discussion-summary-statistics-for-illustrating-project-impact/191#note-270	29	198
2015-06-15T16:20:21.984055Z	261	126	17	pathways4life	/discussion/thinklab-specific-comments/77#note-126	14	85
2015-12-16T02:19:11.348174Z	576	199	2	pathways4life	/discussion/use-machine-learning-to-calculate-confidence-scores-for-users-snippets-and-pathways/119#note-199	5	29
2015-12-16T02:29:11.162305Z	579	200	2	pathways4life	/discussion/are-there-significant-differences-in-difficulty-between-pathway-modeling-tasks/120#note-200	9	51
2015-01-23T05:05:37.375664Z	38	15	17	rephetio	/discussion/seeking-an-open-source-implementation-of-the-gerstein-sonnhammer-chothia-algorithm/25#note-15	24	126
2015-01-23T19:27:36.905732Z	38	21	23	rephetio	/discussion/seeking-an-open-source-implementation-of-the-gerstein-sonnhammer-chothia-algorithm/25#note-21	14	72
2015-01-25T17:28:47.470401Z	45	26	17	rephetio	/discussion/seeking-an-open-source-implementation-of-the-gerstein-sonnhammer-chothia-algorithm/25#note-26	16	103
2015-01-26T23:18:48.088353Z	45	30	23	rephetio	/discussion/seeking-an-open-source-implementation-of-the-gerstein-sonnhammer-chothia-algorithm/25#note-30	23	139
2015-02-11T03:49:38.622777Z	49	31	2	rephetio	/discussion/enabling-reproducibility-and-reuse/23#note-31	28	165
2015-02-17T00:28:30.913847Z	29	32	17	rephetio	/discussion/how-should-we-construct-a-catalog-of-drug-indications/21#note-32	11	60
2015-02-17T00:57:39.879533Z	29	33	2	rephetio	/discussion/how-should-we-construct-a-catalog-of-drug-indications/21#note-33	3	14
2015-02-17T13:52:36.308343Z	57	38	22	rephetio	/discussion/enabling-reproducibility-and-reuse/23#note-38	49	266
2015-02-27T22:53:29.690324Z	63	54	17	rephetio	/discussion/medi-indications-data-discrepancy-in-resource-specific-counts/31#note-54	26	163
2015-03-18T22:52:13.592863Z	82	57	17	rephetio	/discussion/enabling-reproducibility-and-reuse/23#note-57	47	258
2015-03-19T23:42:23.213598Z	85	58	2	rephetio	/discussion/suggestions-for-additional-information-types/22#note-58	23	104
2015-03-20T02:37:46.580338Z	84	59	17	rephetio	/discussion/tissue-node/41#note-59	25	151
2015-03-20T02:38:37.568436Z	84	60	17	rephetio	/discussion/tissue-node/41#note-60	10	64
2015-03-20T04:07:52.432555Z	84	61	2	rephetio	/discussion/tissue-node/41#note-61	79	418
2015-03-20T04:09:55.058400Z	83	62	17	rephetio	/discussion/enabling-reproducibility-and-reuse/23#note-62	22	145
2015-03-20T04:11:01.433966Z	84	63	2	rephetio	/discussion/tissue-node/41#note-63	39	204
2015-03-20T04:48:01.252427Z	84	64	35	rephetio	/discussion/tissue-node/41#note-64	6	39
2015-03-20T05:47:50.995793Z	84	66	2	rephetio	/discussion/tissue-node/41#note-66	28	159
2015-03-20T06:31:04.885382Z	88	67	2	rephetio	/discussion/tissue-node/41#note-67	21	118
2015-03-20T15:39:36.836092Z	88	68	35	rephetio	/discussion/tissue-node/41#note-68	8	45
2015-03-29T19:04:10.713623Z	93	69	17	rephetio	/discussion/computing-consensus-transcriptional-profiles-for-lincs-l1000-perturbations/43#note-69	21	154
2015-04-02T01:20:01.294752Z	29	71	2	rephetio	/discussion/how-should-we-construct-a-catalog-of-drug-indications/21#note-71	6	34
2015-04-02T21:47:12.107325Z	97	75	2	rephetio	/discussion/processing-labeledin-to-extract-indications/46#note-75	53	277
2015-04-02T21:59:36.572209Z	97	76	17	rephetio	/discussion/processing-labeledin-to-extract-indications/46#note-76	24	133
2015-04-02T22:05:48.541871Z	97	77	2	rephetio	/discussion/processing-labeledin-to-extract-indications/46#note-77	5	28
2015-04-03T05:28:22.756037Z	99	78	48	rephetio	/discussion/evaluation-framework/47#note-78	21	128
2015-04-03T18:01:46.261151Z	103	79	17	rephetio	/discussion/processing-labeledin-to-extract-indications/46#note-79	25	159
2015-04-08T02:11:06.726415Z	110	82	17	rephetio	/discussion/how-should-we-construct-a-catalog-of-drug-indications/21#note-82	39	225
2015-04-09T01:30:54.293110Z	115	83	17	rephetio	/discussion/how-should-we-construct-a-catalog-of-drug-indications/21#note-83	10	51
2015-04-09T02:27:27.578532Z	128	84	17	rephetio	/discussion/how-should-we-construct-a-catalog-of-drug-indications/21#note-84	17	116
2015-04-21T20:03:30.075789Z	148	87	2	rephetio	/discussion/how-should-we-construct-a-catalog-of-drug-indications/21#note-87	6	34
2015-04-21T20:50:45.888240Z	148	88	17	rephetio	/discussion/how-should-we-construct-a-catalog-of-drug-indications/21#note-88	2	13
2015-05-01T22:06:14.259531Z	183	96	17	rephetio	/discussion/retrieving-the-ingredients-in-rxnorm-concepts/61#note-96	12	68
2015-05-01T22:27:00.760636Z	169	97	17	rephetio	/discussion/how-should-we-construct-a-catalog-of-drug-indications/21#note-97	26	156
2015-05-02T20:23:23.972725Z	183	98	23	rephetio	/discussion/retrieving-the-ingredients-in-rxnorm-concepts/61#note-98	14	72
2015-05-03T20:54:14.123111Z	185	99	23	rephetio	/discussion/how-should-we-construct-a-catalog-of-drug-indications/21#note-99	35	184
2015-05-03T20:57:42.872674Z	181	100	23	rephetio	/discussion/extracting-indications-from-the-ehrlink-resource/62#note-100	12	58
2015-05-04T19:19:49.666061Z	185	103	17	rephetio	/discussion/how-should-we-construct-a-catalog-of-drug-indications/21#note-103	29	164
2015-05-08T19:45:18.976113Z	208	113	22	rephetio	/discussion/using-entrez-gene-as-our-gene-vocabulary/34#note-113	78	427
2015-05-10T18:49:08.949801Z	78	114	17	rephetio	/discussion/unifying-drug-vocabularies/40#note-114	27	183
2015-05-13T20:19:22.125336Z	219	115	17	rephetio	/discussion/disease-ontology-feature-requests/68#note-115	9	61
2015-05-13T20:20:56.580678Z	220	116	17	rephetio	/discussion/disease-ontology-feature-requests/68#note-116	10	70
2015-05-13T20:21:42.950370Z	221	117	17	rephetio	/discussion/disease-ontology-feature-requests/68#note-117	9	61
2015-05-19T02:40:56.552657Z	224	123	17	rephetio	/discussion/mining-knowledge-from-medline-articles-and-their-indexed-mesh-terms/67#note-123	17	103
2015-05-28T00:07:51.486503Z	236	124	17	rephetio	/discussion/how-should-we-construct-a-catalog-of-drug-indications/21#note-124	31	191
2015-06-12T17:22:48.072707Z	254	125	17	rephetio	/discussion/calculating-genomic-windows-for-gwas-lead-snps/71#note-125	36	234
2015-06-19T15:13:07.277483Z	283	130	17	rephetio	/discussion/processing-gtex-for-tissue-specific-gene-expression/82#note-130	5	24
2015-06-19T15:24:56.910197Z	283	131	111	rephetio	/discussion/processing-gtex-for-tissue-specific-gene-expression/82#note-131	34	190
2015-06-19T23:32:57.683419Z	284	132	17	rephetio	/discussion/tissue-specific-gene-expression-resources/81#note-132	12	89
2015-06-20T01:06:56.926835Z	284	133	111	rephetio	/discussion/tissue-specific-gene-expression-resources/81#note-133	17	88
2015-06-20T22:30:37.369980Z	287	134	17	rephetio	/discussion/tissue-node/41#note-134	3	16
2015-06-26T23:25:24.504790Z	301	135	17	rephetio	/discussion/python-for-the-modern-biodata-scientist/84#note-135	13	79
2015-06-29T04:07:20.652862Z	304	136	17	rephetio	/discussion/adding-pathway-resources-to-your-network/72#note-136	3	25
2015-08-09T04:06:47.324939Z	368	140	125	rephetio	/discussion/extracting-side-effects-from-sider-4/97#note-140	9	48
2015-08-09T04:12:25.999935Z	366	141	125	rephetio	/discussion/the-tissues-resource-for-the-tissue-specificity-of-genes/91#note-141	42	285
2015-08-09T20:18:38.535913Z	372	142	17	rephetio	/discussion/the-tissues-resource-for-the-tissue-specificity-of-genes/91#note-142	14	91
2015-08-10T04:11:26.832146Z	372	143	125	rephetio	/discussion/the-tissues-resource-for-the-tissue-specificity-of-genes/91#note-143	12	74
2015-08-11T05:55:36.726672Z	368	147	17	rephetio	/discussion/extracting-side-effects-from-sider-4/97#note-147	23	154
2015-08-12T16:48:08.890975Z	372	150	17	rephetio	/discussion/the-tissues-resource-for-the-tissue-specificity-of-genes/91#note-150	6	50
2015-08-12T18:12:56.111600Z	336	151	17	rephetio	/discussion/creating-a-catalog-of-protein-interactions/85#note-151	36	173
2015-08-16T07:39:18.514235Z	397	152	125	rephetio	/discussion/one-network-to-rule-them-all/102#note-152	26	153
2015-08-16T07:48:48.752425Z	397	153	125	rephetio	/discussion/one-network-to-rule-them-all/102#note-153	22	141
2015-08-16T08:21:11.712548Z	397	154	17	rephetio	/discussion/one-network-to-rule-them-all/102#note-154	65	363
2015-08-16T08:27:17.366674Z	397	155	17	rephetio	/discussion/one-network-to-rule-them-all/102#note-155	10	63
2015-08-16T08:27:28.794088Z	397	156	125	rephetio	/discussion/one-network-to-rule-them-all/102#note-156	58	312
2015-08-16T08:39:27.607342Z	397	157	125	rephetio	/discussion/one-network-to-rule-them-all/102#note-157	69	378
2015-08-17T07:33:53.127174Z	346	159	129	rephetio	/discussion/suggestions-for-additional-information-types/22#note-159	50	291
2015-08-18T03:56:41.965372Z	346	160	17	rephetio	/discussion/suggestions-for-additional-information-types/22#note-160	10	65
2015-08-19T09:03:54.261042Z	404	161	129	rephetio	/discussion/processing-disgenet-for-disease-gene-relationships/105#note-161	17	86
2015-08-19T09:19:03.563143Z	405	162	129	rephetio	/discussion/processing-disgenet-for-disease-gene-relationships/105#note-162	67	388
2015-08-19T18:26:50.742635Z	410	163	17	rephetio	/discussion/stargeo-expression-signatures-for-disease-using-crowdsourced-geo-annotation/96#note-163	10	48
2015-08-19T18:33:23.335413Z	410	164	121	rephetio	/discussion/stargeo-expression-signatures-for-disease-using-crowdsourced-geo-annotation/96#note-164	31	165
2015-08-19T18:55:47.985376Z	410	165	17	rephetio	/discussion/stargeo-expression-signatures-for-disease-using-crowdsourced-geo-annotation/96#note-165	14	75
2015-08-20T00:30:41.694617Z	365	166	48	rephetio	/discussion/text-as-a-resource-for-network-population/48#note-166	102	604
2015-08-20T17:05:36.232991Z	411	167	121	rephetio	/discussion/stargeo-expression-signatures-for-disease-using-crowdsourced-geo-annotation/96#note-167	79	453
2015-08-20T17:07:20.448562Z	410	168	121	rephetio	/discussion/stargeo-expression-signatures-for-disease-using-crowdsourced-geo-annotation/96#note-168	38	210
2015-08-20T17:12:12.642262Z	414	169	22	rephetio	/discussion/stargeo-expression-signatures-for-disease-using-crowdsourced-geo-annotation/96#note-169	42	219
2015-08-20T17:12:47.779058Z	413	170	121	rephetio	/discussion/stargeo-expression-signatures-for-disease-using-crowdsourced-geo-annotation/96#note-170	77	416
2015-08-20T17:16:09.000238Z	414	171	121	rephetio	/discussion/stargeo-expression-signatures-for-disease-using-crowdsourced-geo-annotation/96#note-171	65	390
2015-08-20T17:21:53.596924Z	414	172	22	rephetio	/discussion/stargeo-expression-signatures-for-disease-using-crowdsourced-geo-annotation/96#note-172	63	333
2015-08-20T17:23:01.622176Z	414	173	121	rephetio	/discussion/stargeo-expression-signatures-for-disease-using-crowdsourced-geo-annotation/96#note-173	18	87
2015-08-20T17:27:50.566684Z	387	174	121	rephetio	/discussion/the-adeptus-resource-for-expression-signatures-of-disease/101#note-174	66	419
2015-08-20T22:32:29.292522Z	410	175	17	rephetio	/discussion/stargeo-expression-signatures-for-disease-using-crowdsourced-geo-annotation/96#note-175	19	97
2015-08-21T20:54:30.263301Z	418	176	17	rephetio	/discussion/processing-the-diseases-resource-for-diseasegene-relationships/106#note-176	23	136
2015-08-21T20:59:14.336769Z	418	177	125	rephetio	/discussion/processing-the-diseases-resource-for-diseasegene-relationships/106#note-177	4	20
2015-08-28T20:38:08.534127Z	420	178	17	rephetio	/discussion/integrating-resources-with-disparate-licensing-into-an-open-network/107#note-178	16	103
2015-09-07T16:07:27.482234Z	426	179	17	rephetio	/discussion/processing-gtex-for-tissue-specific-gene-expression/82#note-179	48	267
2015-09-07T16:38:45.337493Z	426	180	111	rephetio	/discussion/processing-gtex-for-tissue-specific-gene-expression/82#note-180	34	157
2015-09-10T10:52:06.035130Z	431	181	125	rephetio	/discussion/integrating-resources-with-disparate-licensing-into-an-open-network/107#note-181	62	352
2015-09-10T19:26:59.238966Z	431	182	17	rephetio	/discussion/integrating-resources-with-disparate-licensing-into-an-open-network/107#note-182	56	384
2015-09-10T19:47:47.420275Z	431	183	125	rephetio	/discussion/integrating-resources-with-disparate-licensing-into-an-open-network/107#note-183	72	387
2015-09-10T20:17:01.002824Z	429	184	17	rephetio	/discussion/integrating-resources-with-disparate-licensing-into-an-open-network/107#note-184	107	672
2015-09-14T22:38:05.507384Z	422	185	17	rephetio	/discussion/r-best-practices/83#note-185	28	171
2015-09-23T05:43:28.403404Z	438	186	125	rephetio	/discussion/integrating-resources-with-disparate-licensing-into-an-open-network/107#note-186	53	329
2015-10-02T19:29:30.472824Z	445	187	17	rephetio	/discussion/integrating-resources-with-disparate-licensing-into-an-open-network/107#note-187	13	85
2015-10-05T02:33:53.056678Z	451	188	2	rephetio	/discussion/tracking-project-reuse-citation-and-publicity/113#note-188	56	323
2015-10-05T02:44:07.397470Z	454	189	2	rephetio	/discussion/tracking-project-reuse-citation-and-publicity/113#note-189	8	38
2015-10-06T15:55:53.335805Z	396	190	17	rephetio	/discussion/one-network-to-rule-them-all/102#note-190	38	211
2015-10-09T16:11:40.411972Z	462	191	17	rephetio	/discussion/integrating-resources-with-disparate-licensing-into-an-open-network/107#note-191	29	196
2015-10-13T18:05:23.266060Z	462	192	79	rephetio	/discussion/integrating-resources-with-disparate-licensing-into-an-open-network/107#note-192	53	311
2015-10-14T23:09:31.462736Z	440	193	137	rephetio	/discussion/integrating-resources-with-disparate-licensing-into-an-open-network/107#note-193	50	238
2015-10-22T03:37:18.366074Z	484	194	125	rephetio	/discussion/using-the-neo4j-graph-database-for-hetnets/112#note-194	43	254
2015-12-04T21:52:50.278510Z	484	195	17	rephetio	/discussion/using-the-neo4j-graph-database-for-hetnets/112#note-195	64	344
2015-12-04T22:16:40.803100Z	484	196	125	rephetio	/discussion/using-the-neo4j-graph-database-for-hetnets/112#note-196	43	269
2015-12-04T23:34:50.299760Z	484	197	17	rephetio	/discussion/using-the-neo4j-graph-database-for-hetnets/112#note-197	35	225
2015-12-14T00:55:48.202064Z	572	198	17	rephetio	/discussion/path-exclusion-conditions/134#note-198	21	117
2016-02-05T22:03:55.034805Z	345	204	17	rephetio	/discussion/suggestions-for-additional-information-types/22#note-204	21	163
2016-02-20T06:23:56.287611Z	900	205	17	rephetio	/discussion/expert-curation-of-our-indication-catalog-for-disease-modifying-treatments/95#note-205	11	61
2016-02-26T17:37:11.558424Z	1137	207	125	rephetio	/discussion/positive-correlations-between-knockdown-and-overexpression-profiles-from-lincs-l1000/171#note-207	39	213
2016-02-26T17:42:00.179885Z	1137	208	22	rephetio	/discussion/positive-correlations-between-knockdown-and-overexpression-profiles-from-lincs-l1000/171#note-208	26	156
2016-02-26T17:46:19.124138Z	1137	209	125	rephetio	/discussion/positive-correlations-between-knockdown-and-overexpression-profiles-from-lincs-l1000/171#note-209	42	249
2016-03-08T06:25:39.678908Z	1051	210	17	rephetio	/discussion/positive-correlations-between-knockdown-and-overexpression-profiles-from-lincs-l1000/171#note-210	39	236
2016-03-09T06:46:22.029813Z	1166	211	125	rephetio	/discussion/workshop-to-analyze-lincs-data-for-the-systems-pharmacology-course-at-ucsf/181#note-211	43	270
2016-03-09T06:47:25.413092Z	1166	212	125	rephetio	/discussion/workshop-to-analyze-lincs-data-for-the-systems-pharmacology-course-at-ucsf/181#note-212	32	195
2016-03-15T03:00:45.439522Z	462	214	17	rephetio	/discussion/integrating-resources-with-disparate-licensing-into-an-open-network/107#note-214	38	276
2016-03-15T06:31:19.499600Z	1170	215	125	rephetio	/discussion/announcing-pharmacotherapydb-the-open-catalog-of-drug-therapies-for-disease/182#note-215	23	125
2016-03-15T08:09:10.808485Z	1176	216	125	rephetio	/discussion/integrating-resources-with-disparate-licensing-into-an-open-network/107#note-216	54	310
2016-03-15T15:02:14.154216Z	1170	217	17	rephetio	/discussion/announcing-pharmacotherapydb-the-open-catalog-of-drug-therapies-for-disease/182#note-217	15	88
2016-03-15T16:36:03.799865Z	1176	218	17	rephetio	/discussion/integrating-resources-with-disparate-licensing-into-an-open-network/107#note-218	72	424
2016-03-17T04:22:20.379990Z	484	219	17	rephetio	/discussion/using-the-neo4j-graph-database-for-hetnets/112#note-219	25	157
2016-03-21T13:29:59.475518Z	1184	220	188	rephetio	/discussion/incorporating-drugcentral-data-in-our-network/186#note-220	18	81
2016-03-31T05:00:22.399653Z	1176	221	17	rephetio	/discussion/integrating-resources-with-disparate-licensing-into-an-open-network/107#note-221	20	119
2016-03-31T05:10:48.632581Z	1191	222	125	rephetio	/discussion/estimating-the-complexity-of-hetnet-traversal/187#note-222	113	617
2016-04-01T01:47:55.441382Z	350	223	17	rephetio	/discussion/calculating-molecular-similarities-between-drugbank-compounds/70#note-223	18	136
2016-04-02T20:22:56.180964Z	244	224	17	rephetio	/discussion/adding-pathway-resources-to-your-network/72#note-224	11	71
2016-04-03T04:21:04.803273Z	1176	225	17	rephetio	/discussion/integrating-resources-with-disparate-licensing-into-an-open-network/107#note-225	11	71
2016-04-03T20:18:20.176280Z	1191	226	23	rephetio	/discussion/estimating-the-complexity-of-hetnet-traversal/187#note-226	38	204
2016-04-03T20:19:09.802940Z	1203	227	23	rephetio	/discussion/estimating-the-complexity-of-hetnet-traversal/187#note-227	1	7
2016-04-04T17:33:36.794753Z	1211	228	23	rephetio	/discussion/transforming-dwpcs-for-hetnet-edge-prediction/193#note-228	25	151
2016-04-04T18:19:03.130302Z	1215	229	188	rephetio	/discussion/transforming-dwpcs-for-hetnet-edge-prediction/193#note-229	68	373
2016-04-04T18:29:09.339041Z	1215	230	23	rephetio	/discussion/transforming-dwpcs-for-hetnet-edge-prediction/193#note-230	16	88
2016-04-04T18:37:42.089421Z	277	231	23	rephetio	/discussion/r-best-practices/83#note-231	34	224
2016-04-05T17:39:22.111050Z	1206	233	23	rephetio	/discussion/estimating-the-complexity-of-hetnet-traversal/187#note-233	17	105
2016-04-12T16:36:09.961963Z	1248	240	23	rephetio	/discussion/measuring-user-contribution-and-content-creation/200#note-240	12	86
2016-04-14T19:34:24.792264Z	1221	241	23	rephetio	/discussion/network-edge-prediction-how-to-deal-with-self-testing/194#note-241	41	259
2016-04-14T23:00:59.751005Z	1221	242	17	rephetio	/discussion/network-edge-prediction-how-to-deal-with-self-testing/194#note-242	22	138
2016-04-18T17:37:29.490854Z	1267	244	23	rephetio	/discussion/network-edge-prediction-estimating-the-prior/201#note-244	86	504
2016-04-18T17:41:43.533656Z	1276	245	23	rephetio	/discussion/describing-hetionet-v10-through-visualization-and-statistics/202#note-245	21	116
2016-04-18T17:47:20.553457Z	1278	246	23	rephetio	/discussion/describing-hetionet-v10-through-visualization-and-statistics/202#note-246	22	116
2016-04-18T18:00:49.040466Z	1269	247	23	rephetio	/discussion/estimating-the-complexity-of-hetnet-traversal/187#note-247	7	60
2016-04-18T18:55:45.079216Z	1269	248	17	rephetio	/discussion/estimating-the-complexity-of-hetnet-traversal/187#note-248	12	69
2016-04-19T16:28:06.987841Z	1278	253	17	rephetio	/discussion/describing-hetionet-v10-through-visualization-and-statistics/202#note-253	79	414
2016-04-19T16:36:09.973865Z	1278	254	17	rephetio	/discussion/describing-hetionet-v10-through-visualization-and-statistics/202#note-254	42	202
2016-04-24T17:49:50.704531Z	1269	255	17	rephetio	/discussion/estimating-the-complexity-of-hetnet-traversal/187#note-255	19	115
2016-05-02T17:33:02.574555Z	1289	256	23	rephetio	/discussion/computing-standardized-logistic-regression-coefficients/205#note-256	63	402
2016-05-09T04:36:22.193390Z	1303	260	125	rephetio	/discussion/sounding-the-alarm-on-drugbanks-new-license-and-terms-of-use/213#note-260	53	308
2016-05-09T15:45:22.914339Z	1303	261	17	rephetio	/discussion/sounding-the-alarm-on-drugbanks-new-license-and-terms-of-use/213#note-261	22	144
2016-05-09T17:06:47.264543Z	1303	262	17	rephetio	/discussion/sounding-the-alarm-on-drugbanks-new-license-and-terms-of-use/213#note-262	118	733
2016-05-09T17:56:05.729356Z	1304	263	125	rephetio	/discussion/sounding-the-alarm-on-drugbanks-new-license-and-terms-of-use/213#note-263	55	277
2016-05-09T17:57:55.097476Z	1303	264	125	rephetio	/discussion/sounding-the-alarm-on-drugbanks-new-license-and-terms-of-use/213#note-264	52	237
2016-05-10T22:31:31.236675Z	1309	265	241	rephetio	/discussion/sounding-the-alarm-on-drugbanks-new-license-and-terms-of-use/213#note-265	126	661
2016-05-11T05:54:15.871325Z	1277	266	17	rephetio	/discussion/describing-hetionet-v10-through-visualization-and-statistics/202#note-266	10	59
2016-06-25T17:47:10.298339Z	1295	267	17	rephetio	/discussion/tracking-project-reuse-citation-and-publicity/113#note-267	13	74
2016-10-12T17:51:57.825721Z	484	271	17	rephetio	/discussion/using-the-neo4j-graph-database-for-hetnets/112#note-271	34	219
2016-10-18T12:23:42.994110Z	1367	272	22	rephetio	/discussion/prediction-in-epilepsy/224#note-272	23	119
2016-10-18T13:43:00.390257Z	1371	273	17	rephetio	/discussion/describing-hetionet-v10-through-visualization-and-statistics/202#note-273	42	213
2016-10-18T13:46:35.362256Z	1367	274	17	rephetio	/discussion/prediction-in-epilepsy/224#note-274	49	294
2016-10-18T13:57:16.253106Z	1367	275	22	rephetio	/discussion/prediction-in-epilepsy/224#note-275	27	142
2016-10-18T13:59:29.861861Z	1371	276	22	rephetio	/discussion/describing-hetionet-v10-through-visualization-and-statistics/202#note-276	4	31
2016-10-18T16:28:03.598817Z	1371	277	20	rephetio	/discussion/describing-hetionet-v10-through-visualization-and-statistics/202#note-277	21	114
2016-10-18T22:40:41.435714Z	1369	278	188	rephetio	/discussion/prediction-in-epilepsy/224#note-278	44	305
2016-11-30T20:09:58.118792Z	1392	279	125	rephetio	/discussion/brainstorming-future-directions-for-hetionet/227#note-279	65	344
2016-12-01T04:19:07.256915Z	1392	280	48	rephetio	/discussion/brainstorming-future-directions-for-hetionet/227#note-280	208	1210
2016-12-01T04:27:45.739328Z	1393	281	48	rephetio	/discussion/brainstorming-future-directions-for-hetionet/227#note-281	202	1143
2016-12-01T04:30:59.429008Z	1397	282	48	rephetio	/discussion/brainstorming-future-directions-for-hetionet/227#note-282	86	456
2016-02-23T03:50:33.441107Z	1052	206	2	thinklabOSP	/discussion/has-our-scientific-system-been-optimized-by-an-evolutionary-process/170#note-206	71	429
